UID,Deck,Stack,Quantity,Face,Name,Flavor,Description,Prompts,Rule
726109a2e8a957073435e648a439eaa9,CORE,Core Rules (Agenda),1,Back,The Principal,,"During play, you can speak from one of several agendas.\nThese agendas can be assigned individually to several people, or all given to a single player.\nThe agendas can change hands during the game. You cannot take an agenda away from someone else, but you can ask someone else to give up an agenda.\nIf you've been assigned an agenda, you are bound to speak from it.\n",,Whoever plays this card is a principal. Flip for additional rules.
726109a2e8a957073435e648a439eaa9,CORE,Core Rules (Agenda),1,Front,The Principal,,"You create and play a Principal Character (PC).\nYou narrate your PC's actions, reactions, and motivations. You are the final authority on what your character says or does.\n",•Stay true to your character•Share ways for other players to help you have fun•Look for opportunities to advance your story•Support other players' stories,Whoever plays this card is a principal. Flip for additional rules.
9635d69505c9561e7e5d044fb1f66340,CORE,Core Rules (Agenda),1,Back,The Facilitator,,"During play, you can speak from one of several agendas.\nThese agendas can be assigned individually to several people, or all given to a single player.\nThe agendas can change hands during the game. You cannot take an agenda away from someone else, but you can ask someone else to give up an agenda.\nIf you've been assigned an agenda, you are bound to speak from it.\n",,Whoever plays this card is the facilitator. Flip for additional rules.
9635d69505c9561e7e5d044fb1f66340,CORE,Core Rules (Agenda),1,Front,The Facilitator,,You push the scene forward by directing the spotlight of attention from player to player in fun and fair ways.\nMove the spotlight:\n,•toward a PC who's at risk or in danger•toward a player who hasn't acted recently•toward a player who has an interesting idea•away from a player who finished a cool action,Whoever plays this card is the facilitator. Flip for additional rules.
2edb95e9b4400a259da6f6d2355b81fc,CORE,Core Rules (Agenda),1,Back,The Lorekeeper,,"During play, you can speak from one of several agendas.\nThese agendas can be assigned individually to several people, or all given to a single player.\nThe agendas can change hands during the game. You cannot take an agenda away from someone else, but you can ask someone else to give up an agenda.\nIf you've been assigned an agenda, you are bound to speak from it.\n",,Whoever plays this card is the lorekeeper. Flip for additional rules.
2edb95e9b4400a259da6f6d2355b81fc,CORE,Core Rules (Agenda),1,Front,The Lorekeeper,,"You oversee the background details of the game world. Defer to players whose PC's heritage, origin, or interests would supply answers to background questions.\n","•Who was the greatest Paladin in history?•What languages might my character learn to speak?•When did the dragons disappear?•How does magic work, anyway?",Whoever plays this card is the lorekeeper. Flip for additional rules.
463e813711c211aa0b8075bf75860ff8,CORE,Core Rules (Agenda),1,Back,The Referee,,"During play, you can speak from one of several agendas.\nThese agendas can be assigned individually to several people, or all given to a single player.\nThe agendas can change hands during the game. You cannot take an agenda away from someone else, but you can ask someone else to give up an agenda.\nIf you've been assigned an agenda, you are bound to speak from it.\n",,Whoever plays this card is the referee. Flip for additional rules.
463e813711c211aa0b8075bf75860ff8,CORE,Core Rules (Agenda),1,Front,The Referee,,"You adjudicate questions about the rules of the game, and make changes to the rules with the group's consent. Any player can suggest how to handle a rule, but you have the final say.\nExample rulings:\n",•Is a given card applicable to this fictional situation?•How should a given card's text be interpreted?•Is it time to create a new card?,Whoever plays this card is the referee. Flip for additional rules.
3f4c6d11f526ed5cdfbcc1239d5486c8,CORE,Core Rules (Agenda),1,Back,The Storyteller,,"During play, you can speak from one of several agendas.\nThese agendas can be assigned individually to several people, or all given to a single player.\nThe agendas can change hands during the game. You cannot take an agenda away from someone else, but you can ask someone else to give up an agenda.\nIf you've been assigned an agenda, you are bound to speak from it.\n",,Whoever plays this card is the storyteller. Flip for additional rules.
3f4c6d11f526ed5cdfbcc1239d5486c8,CORE,Core Rules (Agenda),1,Front,The Storyteller,,"The game also has Ensemble Characters (ECs), sometimes called Non-Player Characters (NPCs). You narrate their actions and reactions as antagonists, allies, bystanders, and so on.\n",•Give ECs a name and identity•Find the essential humanity of every EC•Don't steal agency or spotlight from the PCs•Initiate actions that prompt a PC response,Whoever plays this card is the storyteller. Flip for additional rules.
9afded58f09b40ed67f36febd3d6d642,CORE,Core Rules,1,Back,Challenges,,Use challenges to tune the difficulty of a situation. A risky combat scene might pose several challenges. A simple social encounter might pose only one challenge.\n,"•You're navigating rough terrain, and might fall or lose equipment•You're fighting or fleeing a dangerous monster•You're working with complex magic or technology that might malfunction•You're confronting an emotionally fraught situation",Flip for additional rules.
9afded58f09b40ed67f36febd3d6d642,CORE,Core Rules,1,Front,Challenges,,"Any player may challenge a PC's action if success or failure are both interesting.\nWhen your PC is challenged, you must generate a hit to meet it, like flipping a character card. If you don't meet a challenge, your PC's intentions are thwarted or complications arise.\nThe challenge must suggest consequences for failure. ""Or else nothing happens"" is not a challenge. The same action cannot be challenged multiple times.\n",,Flip for additional rules.
36b811e8ff41b6f4b587363d234e94b9,CORE,Core Rules,1,Back,X-Card,,"Continue reading:\n""And if there is ever an issue, anyone can call for a break and we can talk privately. I know it sounds funny but it will help us play amazing games together and usually I'm the one who uses the X card to protect myself from all of you! Please help make this game fun for everyone. Thank you!""\n",,Lay this card at the center of the play area
36b811e8ff41b6f4b587363d234e94b9,CORE,Core Rules,1,Front,X-Card,,"Start the game by reading this text aloud:\n""I'd like your help. Your help to make this game fun for everyone. If anything makes anyone uncomfortable in any way, just lift this card up, or simply tap it. You don't have to explain why. It doesn't matter why. When we lift or tap this card, we simply edit out anything X-Carded.""\n",,Flip for the remainder of the text
1b52ce80530496998f00fc06b8a202d3,CORE,Core Rules (Crisis),1,Back,Uncertain Crisis,,"You may not flip any cards in front of you (e.g. Character cards) to generate hits.\nYou may flip shared cards (e.g. Plot cards) or draw/pick a new card (e.g. Condition card, Random oracle card).\n",,Flip this card when the crisis is past
1b52ce80530496998f00fc06b8a202d3,CORE,Core Rules (Crisis),1,Front,Uncertain Crisis,,"Some situations cannot be solved by skill or virtue, but only good fortune.\nWhen you encounter such a crisis, decide what it would take to escape it, such as leaving the area successfully.\n","•A chaotic natural disaster, such as flooding•Navigating a complex and ever-shifting maze•Entreating with capricious spirits or divinities","Define the scope of the crisis, and flip this card"
70ef7ce99ee5cd020cbbddae41929c24,CORE,Core Rules (Crisis),1,Back,Gauntlet Crisis,,"No card in front of you (e.g. Character cards) may be flipped more than once to generate a hit.\nYou may flip group cards (e.g. Plot cards) or draw/pick a new card (e.g. Condition card, Random oracle card).\n",,Flip this card when the crisis is past
70ef7ce99ee5cd020cbbddae41929c24,CORE,Core Rules (Crisis),1,Front,Gauntlet Crisis,,"Some situations are grueling and exhausting, wearing down your reserves faster than you can recover. Sooner or later, something has to give.\nWhen you encounter such a crisis, decide what it would take to survive it, such as escaping an enemy or saving a friend.\n",•A furious and violent chase•Survival in a hostile and dangerous environment•An extended and grueling magical ritual,"Define the scope of the crisis, and flip this card"
26f44a52145864d0d83a8a6b1805aca4,CORE,Core Rules (Crisis),1,Back,Overwhelming Crisis,,Immediately flip all Character cards in front of all players to their back side.\nCards may be flipped back and used in the usual way from then on.\n,,Flip this card when the crisis is past
26f44a52145864d0d83a8a6b1805aca4,CORE,Core Rules (Crisis),1,Front,Overwhelming Crisis,,"Some situations will wreck a character's plans and assumptions, or be so daunting they have no idea how to handle it at first.\nWhen you encounter such a crisis, decide what it would take to survive it, such as defeating an enemy or finding shelter.\n",•Final boss fights•Being sent to a new world•Confrontation with divine forces,"Define the scope of the crisis, and flip this card"
cc319e3e0ab4f8dafacfbe98b989b98f,CORE,Character (Focus),1,Back,Courage,"""Emory! Fall back! This isn't our fight!"" -- Tana
","Courage can twist into cowardice or recklessness. Not everyone knows the right time to run from a battle, or when a battle really needs to be fought. And not everyone is prepared to fight every battle they face.\n","•Boast of deeds undone or make promises you can't fulfill•Run away to avoid getting hurt, physically or emotionally•Seek glory or vengeance",Flip when a prompt is narrated by anyone.
cc319e3e0ab4f8dafacfbe98b989b98f,CORE,Character (Focus),1,Front,Courage,"""It doesn't matter if I win. It matters if I don't try."" -- Emory
","Courage is strength in the face of grief, pain, and fear.\nCourage lets you fight when afraid, speak when being shouted down, stand up when you're injured, or rebuke someone you respect.\n",•Honor or pride must be upheld•Someone or something near you has already suffered harm•Nobody else can or will take the risk,Flip to get a hit.
e3ba4c7e1c74c13bf5ccf7070a422281,CORE,Character (Focus),1,Back,Charm,"""Listen, city boy. Stop talking or I'll cut your tongue out."" -- Woody
","Some people can become enraptured by their own ability to impress and influence. They buy into the story they're selling, until reality intrudes.\nOthers see charm as deceit, and will trust you less.\n",•Show off needlessly•Push things for the sake of pushing•Take advantage of someone's emotions,Flip when a prompt is narrated by anyone.
e3ba4c7e1c74c13bf5ccf7070a422281,CORE,Character (Focus),1,Front,Charm,"""I only came here to see you!"" -- Basler
","Charm is about creating a bond with someone at will. You can get through situations with style, panache, or force of personality.\n",•Perform with grace and elegance•Get by on audacity•Gain someone's confidence,Flip to get a hit.
216b107f3ca7d2dbc1f2d51e79746d2d,CORE,Character (Focus),1,Back,Instinct,"""So, he was a king's guard in disguise. He looked like a bad guy!"" -- Woody
","Only fools rush in, and this time, you were the fool.\n",•Interrupt a plan mid-execution•Misjudge someone's intentions or actions•Screw something up by impulsively acting,Flip when a prompt is narrated by anyone.
216b107f3ca7d2dbc1f2d51e79746d2d,CORE,Character (Focus),1,Front,Instinct,"""My eye watches the target. My hand lets go the bowstring. I do nothing."" -- Woody
","Your heart, your conscience, a divine command, or something else outweighs reason when you act.\nInstinct lets you act when everything says to hesitate, when uncertainty overwhelms you, or when speed counts more than reason.\n",•Take decisive action now•Get an immediate read on a person or situation•Leap into an opportunity,Flip to get a hit.
e26f170536feb7a097f01f200408c1ed,CORE,Character (Focus),1,Back,Magic,"""The Power is much like the ocean. You can sail in it, or drown in it."" -- Tana
","When called, the Power always comes. That doesn't mean you can always command it. Even familiar workings can have surprising consequences.\n",•Face a cost you can't easily or immediately pay•Supply a rare material component or perform a ritual at specific place and time•Suffer a side effect or curse,Flip when a prompt is narrated by anyone.
e26f170536feb7a097f01f200408c1ed,CORE,Character (Focus),1,Front,Magic,"""I don't know, I just felt ... something ... flow through me!"" -- Tana
","The mystical, the eldritch, the arcane. The Power has many names. What do you call it?\nYou can achieve a variety of supernatural outcomes with magic, such as healing, curses, enchantments, and more.\n",•Place the impossible within reach•Mingle the material and the symbolic•Infuse the ordinary with awe and mystery,Flip to get a hit.
2e1aa5d9b6f7ee648be6cfb6e0992402,CORE,Character (Focus),1,Back,Secrets,"""You don't wanna know"" -- Basler
",The problem with secrets is keeping track of who knows what. The value of a secret is lost once it's revealed. And some secrets weigh on the conscience.\n,•Endure distrust from those around you•Reveal the wrong thing to the wrong person•Give yourself away at an inopportune moment,Flip when a prompt is narrated by anyone.
2e1aa5d9b6f7ee648be6cfb6e0992402,CORE,Character (Focus),1,Front,Secrets,"""Basler, where did you get that knife from?"" -- Tana
","You deal in concealment, stealth, and subterfuge. Your tools are things people don't want known, or weren't expecting. You could use hidden weapons, court gossip, cloak-and-dagger skulduggery, or the secrets of the heart.\n",•Acquire something from someone else without their knowledge•Reveal something you've been concealing•Avoid detection or culpability,Flip to get a hit.
a3e5e8c215aab0687fa239ea7d72f0c1,CORE,Character (Focus),1,Back,Tech,"""The gizmo broke and I gotta fix it. Well, at least I have my tools."" -- Basler
","Nothing works perfectly, especially new inventions that have seen more use than testing.\n",•The gadget has unexpected side effects or fails to work at a key moment•A gadget malfunctions or breaks in interesting ways•People distrust or avoid your strange science,Flip when a prompt is narrated by anyone.
a3e5e8c215aab0687fa239ea7d72f0c1,CORE,Character (Focus),1,Front,Tech,"""This gizmo can pick any lock in the kingdom!"" -- Basler
","You focus on science, technology, or artifice to get things done. This includes science like handguns or balloons, magitek such as crystal fire-rods, or alchemy such as healing potions.\n",•Fight using advanced weapons or protective gear•Overcome obstacles by deploying a gadget•Gain advantage against those unfamiliar with your tech,Flip to get a hit.
8a0f8f47f00c8e58f6b1bde4723aafb3,CORE,Character (Focus),1,Back,Training,"""Well, I can't pick locks with my fingernails, can I?"" -- Basler
","Your discipline is demanding, and while your body is versatile and powerful, it can't compete with everything.\n",•Face a problem that requires tools after all•Spend time honing yourself instead of accomplishing an important goal•Reveal your abilities to someone you'd rather not see them,Flip when a prompt is narrated by anyone.
8a0f8f47f00c8e58f6b1bde4723aafb3,CORE,Character (Focus),1,Front,Training,"""The mind directs the body's power. I get it now."" -- Basler
","Through exercise, mindfulness, and practice, you've learned to use your own mind and body as a tool.\nTraining lets you act with grace, power, and precision, or overcome mundane limits.\n","•Use your body's abilities in place of weapons, armor, or equipment•Focus inner strength to resist torment or temptation•Gain an understanding of someone from how they move",Flip to get a hit.
3d9435c41c2eeece9871bb6e86942208,CORE,Character (Focus),1,Back,Wits,"""When I said people were gullible, I didn't mean me too!"" -- Basler
","No battle plan survives contact with the enemy, but not all planners are humble enough to realize that. Getting by on the world can sometimes mean exploiting people, or seeming like you're doing so.\n",•Misjudge the strength of your position•Overplay your hand•Make someone else pay for your victory,Flip when a prompt is narrated by anyone.
3d9435c41c2eeece9871bb6e86942208,CORE,Character (Focus),1,Front,Wits,"""The world is full of opportunities!"" -- Basler
","Wits lets you make the most of everything around you. You turn difficulty into opportunity, find solutions within the problem you face, and look at situations in new ways.\n",•Find a way to turn strength to or from weakness•Devise a plan to deal with a problem•Realize a useful truth about a situation,Flip to get a hit.
7efabf2c58caf193a4eb0ca478bdd243,CORE,Character (Role),1,Back,Dreamer,,"When the gulf between is and ought becomes too much, which will you choose?","•Reject the real, denounce the realist•Forget that you have friends•Lose sight of your dream for a time",Flip when a prompt is narrated by anyone.
7efabf2c58caf193a4eb0ca478bdd243,CORE,Character (Role),1,Front,Dreamer,,"Tomorrow beckons, if you can fix today. You can't change the world alone. But you aren't, are you?",•Remind someone of their best self•Light a candle to spite the darkness•Defy what's possible with what's necessary,Flip to get a hit.
60d2479ccc7f7a6508f9c1073e992179,CORE,Character (Role),1,Back,Guardian,,"You control that which depends on you, and sometimes the weight grows too much.",•Assert your authority•Cast suspicion too widely•Shut down your feelings or shut out your charge,Flip when a prompt is narrated by anyone.
60d2479ccc7f7a6508f9c1073e992179,CORE,Character (Role),1,Front,Guardian,,You feel responsible for something or someone else. Their need propels you.,•Keep your charge safe from something•Identify and monitor a threat•Endure the unimaginable,Flip to get a hit.
a17e3da0949d4b3686e6fb37c283aa25,CORE,Character (Role),1,Back,Opportunist,,"There's only so much good luck to go around. Will you run out of yours, or take someone else's away?",•Kick someone when they're down•Betray a trust•Let someone else pay the price,Flip when a prompt is narrated by anyone.
a17e3da0949d4b3686e6fb37c283aa25,CORE,Character (Role),1,Front,Opportunist,,"Life is unpredictable. When an opening comes, seize it. When a chance comes, take it.",•Exploit or create a weakness•Employ misdirection or deception•Take a risk nobody else would,Flip to get a hit.
a07d10c6836b0a442d94f072dc5aff0f,CORE,Character (Role),1,Back,Performer,,"When anything you say matters, will you say the wrong thing, or for the wrong reasons?",•Outshine or embarrass someone important•Draw unwanted attention•Provoke an unintended reaction,Flip when a prompt is narrated by anyone.
a07d10c6836b0a442d94f072dc5aff0f,CORE,Character (Role),1,Front,Performer,,"Through actions and words, you entertain, persuade, or transform people around you.","•Embody grace, confidence, or poise•Inspire or incite people to act•Spark or manipulate emotion",Flip to get a hit.
e297b6bb65edef02cbede7b4b51e37e5,CORE,Character (Role),1,Back,Quester,,That which is greater than you can also crush you beneath it.,•Waver in your dedication to your quest•Shut others out of assisting you•Ignore mundane needs to focus on your quest,Flip when a prompt is narrated by anyone.
e297b6bb65edef02cbede7b4b51e37e5,CORE,Character (Role),1,Front,Quester,,"A vow, an ideal, a promise, a vision, a mission. Something drives you unstoppably onward.",•Make the hard choices your resolve demands•Rally others to your cause•Find a way forward despite everything,Flip to get a hit.
39b2ba36a2e6bdaab1af8ce9706f7972,CORE,Character (Role),1,Back,Rebel,,To be the worst of what they say you are. How easy to do it accidentally. How tempting to choose it.,•Make everything worse for yourself or an ally•Fall prey to temptation or darkness•Spark conflict or dissent,Flip when a prompt is narrated by anyone.
39b2ba36a2e6bdaab1af8ce9706f7972,CORE,Character (Role),1,Front,Rebel,,"Your power, presentation, reputation, or history cause common folk to fear or reject you.",•Use others' fears to your advantage•Surpass a limit or break a rule imposed by others•Make common cause with other rebels,Flip to get a hit.
d7389e866b10e24e82bd8141d47c4d80,CORE,Character (Role),1,Back,Soldier,,"Life is pain. There's no reward for this, only the next battle. When will you fall?",•Lash out at an easy target•Use your power selfishly•Dismiss the peaceful alternative,Flip when a prompt is narrated by anyone.
d7389e866b10e24e82bd8141d47c4d80,CORE,Character (Role),1,Front,Soldier,,"Life is struggle. Everyone has to fight, all the time. What do you fight for?",•Test your fate against an opponent•Make a sacrifice to turn the tide•Stand up when everything says to stay down,Flip to get a hit.
894071149575d4671752b1cdb3dbce83,CORE,Character (Role),1,Back,Synthesist,,"What or who will you unmake, in your goal of making something new?",•Tear down something valuable or important•Keep something going at great cost•Overuse the same solution,Flip when a prompt is narrated by anyone.
894071149575d4671752b1cdb3dbce83,CORE,Character (Role),1,Front,Synthesist,,"You create, fix, and remix.",•Make something new out of what's available•Repair or recreate something•Bring creativity to bear against a problem,Flip to get a hit.
fd28e2d8836fd05a3ae5b4daf3bc455e,CORE,Character (Upbringing),1,Back,Cosmopolitan,"""Do these wagon wheels fall off often?"" -- Emory
","You can mistake your breadth of experience for depth, and fail to hear wiser voices.\n",•Overestimate your own wisdom or experience•Lose focus of people as individuals•Treat one person as representative of a whole group,Flip when a prompt is narrated by anyone.
fd28e2d8836fd05a3ae5b4daf3bc455e,CORE,Character (Upbringing),1,Front,Cosmopolitan,"""The clear skies, the lure of the open road, it's perfect!"" -- Tana
","You've lived among people from all over. Maybe you lived in a bustling city, or traveled the world.\nYou've learned to approach situations by understanding many perspectives.\n",•Recall a story that inspires people to new ways of thinking•Bring a fresh perspective to a situation•Unite people by finding the common threads between them,Flip to get a hit.
15ecfff3a7a738a28056eb091d45662c,CORE,Character (Upbringing),1,Back,Industrious,"""Smells like cow breakfast"" -- Basler
","Some situations demand inspiration, not perspiration. Other times, the reality of repetitive work can lull you into boredom, distraction, or despair.\n",•Sacrifice tomorrow's hopes for today's needs•Demand someone else live up to your work ethic•Lose sight of something important,Flip when a prompt is narrated by anyone.
15ecfff3a7a738a28056eb091d45662c,CORE,Character (Upbringing),1,Front,Industrious,"""Take a deep breath of that farm air!"" -- Tana
","You grew up among farmers, trappers, city laborers, or other folk who made their way by the sweat of their brow. Others expected you to carry your own weight.\nYou've learned to approach situations with direct, hard work.\n","•Be sensitive to the rhythms around you--cycles of nature, or people's routines•Make do with what's on hand•Coordinate with others to get hard work done",Flip to get a hit.
0a6362e28abfda6515ac4c8f4972f3d4,CORE,Character (Upbringing),1,Back,Insular,"""Everything's different out here. That's why it's called a cloister"" -- Basler
",Your early life didn't prepare you for the variey of people and things the world has to offer. You might make a faux pas or ask an embarrassingly obvious question.\n,•Violate unspoken rules or cultural taboos•Cause conflict through misunderstanding•Fall back on questionable assumptions,Flip when a prompt is narrated by anyone.
0a6362e28abfda6515ac4c8f4972f3d4,CORE,Character (Upbringing),1,Front,Insular,"""This is all very different from the cloister"" -- Emory
","You grew up secluded from the rest of the world. Whether you lived on a lonely mountain village, a religious retreat, or a city enclave, the ways of the outside world are a mystery that must now be solved.\n",•Solve a problem using your peoples' ways•Ask naive but insightful questions•Reveal hidden knowledge or exclusive experience,Flip to get a hit.
614167077ef6ea94572af012c2c5d600,CORE,Character (Upbringing),1,Back,Mercantile,"""...For the right price."" -- Basler
","You know that some people have wants and needs, that others can satisfy them, and that power comes from mediating between the two.\nIt's easy to get addicted to that power.\n",•Compromise a principle or ideal for expedience•Put a price on service•Treat people as assets or commodities,Flip when a prompt is narrated by anyone.
614167077ef6ea94572af012c2c5d600,CORE,Character (Upbringing),1,Front,Mercantile,"""Welcome to the Labri Market! You can find anything here."" -- Basler
","You grew up among those who live via bargaining: a city's markets, an ocean trade route, or the corridors of power in an embassy or castle.\nYou've learned to approach situations through negotiation.\n",•Make a deal or haggle over details•Navigate a complex or ambiguous situation•Gauge someone's wants or needs,Flip to get a hit.
f6d35319869125c5a56c9aa1740786d0,CORE,Character (Upbringing),1,Back,Solitary,"""You've left yourself alone too long"" -- Tana
","Without experiencing what other people in your life can do, you may fear what you need most from them: an outlet. When you act distant, others will reciprocate.\n",•Accumulate emotional debt•Keep your reservations unspoken•Leave others behind to fend for themselves,Flip when a prompt is narrated by anyone.
f6d35319869125c5a56c9aa1740786d0,CORE,Character (Upbringing),1,Front,Solitary,"""I got this, leave me alone"" -- Woody
","For much of your life, you've been on your own. You might have been orphaned or abandoned or kidnapped. You might have run away from home, or home might no longer exist.\nYou've learned to approach situations through isolation.\n",•Shut out distractions•Present a reassuring facade•Keep moving even when hope is lost,Flip to get a hit.
1a44bb421715bd11b392e0ea6f9ec623,CORE,Character (Upbringing),1,Back,Strict,"""As opposed to ironclad thugs lording it over the peasants?"" -- Basler
","Committing to a way of life can help you push forward, but make you inflexible and stubborn.\n",•Refuse to adapt your code to new or difficult situations•See the world through a narrow lens•Disdain or punish those who don't conform to your expectations,Flip when a prompt is narrated by anyone.
1a44bb421715bd11b392e0ea6f9ec623,CORE,Character (Upbringing),1,Front,Strict,"""Knights should be glorious champions of honor!"" -- Emory
","There's a right and wrong way to do things. Right? You might be from a noble family where things are done just so, or grew up cautious thanks to constant danger.\nYou've learned to approach situations through protocol.\n",•Uphold a code of behavior in the face of doubt or weakness•Use the training or skills that led to your code's adoption•Inspire or counsel others using your code,Flip to get a hit.
ad987093b235733b23a608f0b0aece2c,CORE,Character (Upbringing),1,Back,Underclass,"""When everyone hates you, it's hard not to hate them back."" -- Basler
","Sometimes, circumstances push people to a breaking point. Other times, doing the right thing becomes impossible, and you're left with doing the necessary thing.\n",•Lash out at threats to your ego•Build yourself up in the eyes of the impressionable•Run afoul of those in power,Flip when a prompt is narrated by anyone.
ad987093b235733b23a608f0b0aece2c,CORE,Character (Upbringing),1,Front,Underclass,"""Nobody fights for people like us. So we fight for ourselves."" -- Basler
","You grew up among people who were neglected or rejected by a surrounding society: criminals, migrants, or members of a mistreated minority.\nYou've learned to approach situations via pride.\n",•Stand up for yourself and those like you•Rally the downtrodden•Obtain your needs through a social network,Flip to get a hit.
a9bf93c4de72a6832aeb08a2e848acae,CORE,Character (Upbringing),1,Back,Unfettered,"""Those who go their own way often find the path lonely."" -- Emory
","Rules aren't always made to be broken. You can offend others, or even hurt them or yourself when you go where you don't belong or do what you ought not do.\n",•Sabotage a subtle effort•Trample on a cherished tradition•Disappoint or frustrate a more cautious ally,Flip when a prompt is narrated by anyone.
a9bf93c4de72a6832aeb08a2e848acae,CORE,Character (Upbringing),1,Front,Unfettered,"""As a princess, I had power. As a ranger, I have freedom."" -- Woody
","Whether a scion of privilege, the free-spirited offspring of tolerant parents, or a feral child in a mystic forest, you've always done what you saw fit.\nYou've learned to approach situations through force of will.\n",•Force an issue or break a deadlock through action•Reject restrictions and break chains•Drag others along your unique path,Flip to get a hit.
50ed427eeb92f1ddfd2cd253631d06f9,CORE,Core Rules,1,Back,Character Cards,,"To create a new PC, pick three cards: Focus, Role, and Origin. You can choose cards at random, or select them yourself.\nThese cards describe the traits that you want to spotlight during the game. Just because someone else has the Courage card doesn't mean your character isn't courageous, only that it's not going to be the quality you're focusing on.\n",•Front: get a hit by flipping the card•Back: flip when a prompt is narrated by anyone,Other side is identical
50ed427eeb92f1ddfd2cd253631d06f9,CORE,Core Rules,1,Front,Character Cards,,"To create a new PC, pick three cards: Focus, Role, and Origin. You can choose cards at random, or select them yourself.\nThese cards describe the traits that you want to spotlight during the game. Just because someone else has the Courage card doesn't mean your character isn't courageous, only that it's not going to be the quality you're focusing on.\n",•Front: get a hit by flipping the card•Back: flip when a prompt is narrated by anyone,Other side is identical
1c002214966209ab2f1e5e8331e0691a,CORE,Core Rules,1,Back,Condition Examples,,Conditions are a way to achieve success at a cost.\n,"•You take Disarmed to score a final sword blow•Another player suggests that touching the idol will leave you Magicked•Take Weakened to stay within the poison cloud•You're already Hurt, but you can worsen it to Wounded to launch a final desperate attack•Spend a scene being healed by a priestess to discard Hurt, or a week of downtime doing odd jobs to discard Indebted",Flip to see rules
1c002214966209ab2f1e5e8331e0691a,CORE,Core Rules,1,Front,Condition Cards,,You can take a condition to get a hit. Describe how. You can flip a front-side condition to worsen it and get a hit. Describe how. Players who challenge you can suggest conditions to meet it.\nThe condition is fictionally true and limits your actions. Other players can pose a challenge if a condition would interfere with something you do. Discard any conditions that no longer apply in the fiction.\nIndividual condition cards describe how to clear them.\n,,Flip to see examples
d904928b8e0de04876bfd57c85033665,CORE,Condition,1,Back,Wounded,"""It's...just a scratch..."" -- Emory
","You've been seriously injured. Every step is painful, and it's hard to concentrate. You can't move very fast or fight effectively.\nWho or what holds you together until you can be treated? Will you have scars afterward?\n","•You suffered major blood loss•You broke a bone•You were pierced by arrows, spears, or claws",Discard by spending downtime attending to the condition.
d904928b8e0de04876bfd57c85033665,CORE,Condition,1,Front,Hurt,"""Ow! Watch who you carve up with that thing!"" -- Basler
","You've been bloodied, bruised, stunned, or suffered some other temporary physical harm. You can't exert yourself too much without making it worse.\n",•An enemy attacked you•You took a long fall or hit something heavy•You were in a natural disaster or magical calamity,Flip to worsen the condition and get a hit. Discard by spending a scene attending to the condition.
55abf3abb810d44d15021ef5a02997fb,CORE,Condition,1,Back,Exhausted,"""The leaf dragon's toxin got me... Sorry..."" -- Woody
","Your body is out of resources. You need rest, sustenance, or medication.\n",•Extended lack of sleep•Starvation or dehydration•Serious illness or poison•Delerium or hallucinations•Burns or frostbite,Discard by spending downtime attending to the condition.
55abf3abb810d44d15021ef5a02997fb,CORE,Condition,1,Front,Weakened,"""This forest goes on forever, Woody. Can we just stop a moment?"" -- Tana
","Your body is trying to keep itself going, but is under attack or is being deprived. You can't push yourself too hard, and it's hard to concentrate.\n","•Fatigue or sleep deprivation•Hunger and thirst•Poison, disease, or infection•Exposure to the elements",Flip to worsen the condition and get a hit. Discard by spending a scene attending to the condition.
1cd37cdf609d5ce8704d2ecb61bedf07,CORE,Condition,1,Back,Indebted,"""I kinda told the thieves' guild I'd take care of something"" -- Basler
","You have significant debts that demand repayment. Your creditor is watching,  and their rivals may offer you a devil's bargain to escape.\n",•Carry out illegal or dangerous activities•Work with a rival or enemy to achieve a goal•Sacrifice comrades or principles to avoid punishment,Discard by spending downtime attending to the condition.
1cd37cdf609d5ce8704d2ecb61bedf07,CORE,Condition,1,Front,Obliged,"""We will deal with the brigands, your highness."" -- Emory
","You have a responsibility and face punishment for failure or delay. Discharging the debt may be expensive, risky, or troublesome.\n",•Deliver an item or message to someone•Lean on an individual or group•Promise a favor later for a purchase now•Swear a magically binding oath,Flip to worsen the condition and get a hit. Discard by spending a scene attending to the condition.
4aa6bfbc7ada55beeca612d2e59358de,CORE,Condition,1,Back,Pursued,"""They definitely saw us!"" -- Basler
","You are being actively hunted by someone or something that wishes you ill. You must stay hidden, disguise yourself when in the open, and perhaps make dangerous deals with those who offer shelter.\n",•Wanted posters or official notices•Guards raised an alarm•You're in enemy territory or surrounded,Discard by spending downtime attending to the condition.
4aa6bfbc7ada55beeca612d2e59358de,CORE,Condition,1,Front,Wanted,"""I think they saw us."" -- Tana
","Someone or something powerful or dangerous is seeking you out, and you'd rather not be found. You risk discovery from guards, spies, or informants.\n",•You broke the law or offended someone important•Locals are suspicious•You attracted official attention•You're in a dangerous animal's territory,Flip to worsen the condition and get a hit. Discard by spending a scene attending to the condition.
0597608a72862363b8a9eb93e67aae76,CORE,Condition,1,Back,Cursed,"""That berry was delicious. Hey, who are all of you?"" -- Emory
","A powerful and baneful magic has you in its grip. You might be forced to act in certain ways, or barred from acting in others.\nThe rules of the curse may be a mystery. You may suffer pain or great misfortune violating them.\n",•Misfortune or calamity hounds you•A ban against doing some common thing,Discard by spending downtime attending to the condition.
0597608a72862363b8a9eb93e67aae76,CORE,Condition,1,Front,Magicked,"""If anything in the forest looks edible, it's a faerie trap"" -- Woody
","A spell or other supernatural power has bound you. It might cause inconvenience, impose new rules on you, or alter your perceptions.\n","•Charms, illusions, delusions, and deceptions•Magical prohibitions against entering or leaving a place",Flip to worsen the condition and get a hit. Discard by spending a scene attending to the condition.
5e8d00a6c3cd8006c9e21dacb2e35210,CORE,Condition,1,Back,Transformed,"""Hey, that raven looks familiar... Basler?!"" -- Tana
","You've been physically remade into something new by powerful magic. You can still function, but it's a big adjustment. Other people may react with fear, curiosity, or hostility. You may be unable to speak or explain yourself to them.\n",•Polymorphed into an animal•Changed into a supernatural creature•Made undead or demonic,Discard by spending downtime attending to the condition.
5e8d00a6c3cd8006c9e21dacb2e35210,CORE,Condition,1,Front,Altered,"""Don't let them peck you, or you'll croak with the voice of the Raven God"" -- Woody
","Powerful magic has physically changed your appearance or abilities. You'll have trouble doing things you took for granted, but the new form may offer new advantages.\n",•Animal traits like tails or claws•Limbs turned to stone or plants•Ethereal or elemental body,Flip to worsen the condition and get a hit. Discard by spending a scene attending to the condition.
06a345eb9639acf7142cbbaad0f0196c,CORE,Condition,1,Back,Ungeared,"""The flood washed away our campsite! Now what?"" -- Basler
","Your gear or supplies have been broken, lost, or taken. You must scavenge for substitutes or make do with bare-bones replacements.\n",•Equipment lost in floods or other calamity•Stripped of weapons by enemies•Magical tools disenchanted•Completely without rations or shelter,Discard by spending downtime attending to the condition.
06a345eb9639acf7142cbbaad0f0196c,CORE,Condition,1,Front,Undergeared,"""This is the last of our fresh water."" -- Woody
","Vital gear has been damaged, or resources are running low. You must ration what remains, or improvise a replacement.\n","•Blunted or broken weapons, low on arrows•Damaged or partial armor•Malfunctioning magical tools•Lacking food, water, or medicine",Flip to worsen the condition and get a hit. Discard by spending a scene attending to the condition.
e10562afdec6fd0baca61aa59b55f385,CORE,Condition,1,Back,Impeded,"""I can't feel the grimoire! I can't feel ANY magic!"" -- Tana
","A sense or faculty you normally depend on has been temporarily lost. You might have pushed yourself past a limit, or been affected by a disease or magical effect. You are unable to use the affected abilities.\n",•Temporarily blind or deaf•Unable to cast spells or use other special abilities•A breakdown or dissociation,Discard by spending downtime attending to the condition.
e10562afdec6fd0baca61aa59b55f385,CORE,Condition,1,Front,Hindered,"""This arm is useless for drawing a bow right now."" -- Woody
","Your body, mind, or senses are in temporary disorder. You might have overtaxed yourself, or suffered from injury or stress. You may be in the grip of a powerful emotion or anxiety.\n",•Loss of mobility•Blurred vision or dizziness•Shock or mental imbalance•Overwhelming emotion,Flip to worsen the condition and get a hit. Discard by spending a scene attending to the condition.
1bfb119e8b4d8993387a4b0787b8e0c3,CORE,Success Oracle,1,Back,Hit,,You successfully met the challenge! Narrate how it happened.\n,•Luck or coincidence made it work somehow•You were carrying the right item at the right moment•Allies intervened in your favor•An important lesson from your past came to mind,Discard to generate a hit
1bfb119e8b4d8993387a4b0787b8e0c3,CORE,Success Oracle,1,Front,Random Outcome,,"You can choose to draw a card of this type to see if you meet a challenge.\nThe card will suggest ways in which the challenge was met. You can use one of these, or make up your own. If a card indicates that you missed, you may not try to meet the challenge in other ways.\nYou may adjust the ratio of hit or miss cards in this stack to reflect the difficulty of a given action.\n",,"Draw a random card from this stack, flip to see the outcome"
f7e7c8570f203fcf6f25fd3ae9a3d79d,CORE,Success Oracle,1,Back,Miss,,You failed to meet the challenge! Narrate how it happened.\n,"•Bad luck or unhappy coincidence•Your equipment failed or you left something behind•Allies were thwarted, absent, or ineffective•Overconfidence sabotaged your success",Discard this card
f7e7c8570f203fcf6f25fd3ae9a3d79d,CORE,Success Oracle,1,Front,Random Outcome,,"You can choose to draw a card of this type to see if you meet a challenge.\nThe card will suggest ways in which the challenge was met. You can use one of these, or make up your own. If a card indicates that you missed, you may not try to meet the challenge in other ways.\nYou may adjust the ratio of hit or miss cards in this stack to reflect the difficulty of a given action.\n",,"Draw a random card from this stack, flip to see the outcome"
33c56dbbd8a84aa0e45313ec19d93510,CORE,Emotion Oracle,1,Back,Ecstacy,,"Ecstacy, Joy, or Serenity.\nWith Vigilance: yields Optimism.\nWith Admiration: yields Love.\n","•Who in the scene feels this emotion? Who ought to, but does not?•Should this emotion be affirmed, resisted, revealed, or concealed?",Discard and shuffle into related cards
33c56dbbd8a84aa0e45313ec19d93510,CORE,Emotion Oracle,1,Front,Emotion,,"Oracle cards can answer questions. Draw one card for a simple answer, or two cards for a complex one.\nUse these cards to answer what someone is feeling, or what emotion a thing or event would spark.\nEach emotion has two neighbors. You can use the emotion itself, or choose to mix it with a neighbor.\n",,Flip to reveal an answer
b10c16fb0c2581d38c2009b87e01fbcb,CORE,Emotion Oracle,1,Back,Admiration,,"Admiration, Trust, or Acceptance.\nWith Ecstacy: yields Love.\nWith Terror: yields Submission.\n","•Who in the scene feels this emotion? Who ought to, but does not?•Should this emotion be affirmed, resisted, revealed, or concealed?",Discard and shuffle into related cards
b10c16fb0c2581d38c2009b87e01fbcb,CORE,Emotion Oracle,1,Front,Emotion,,"Oracle cards can answer questions. Draw one card for a simple answer, or two cards for a complex one.\nUse these cards to answer what someone is feeling, or what emotion a thing or event would spark.\nEach emotion has two neighbors. You can use the emotion itself, or choose to mix it with a neighbor.\n",,Flip to reveal an answer
789ae68f20dff143774b88beb5c0dc63,CORE,Emotion Oracle,1,Back,Terror,,"Terror, Fear, or Apprehension.\nWith Admiration: yields Submission.\nWith Amazement: yields Awe.\n","•Who in the scene feels this emotion? Who ought to, but does not?•Should this emotion be affirmed, resisted, revealed, or concealed?",Discard and shuffle into related cards
789ae68f20dff143774b88beb5c0dc63,CORE,Emotion Oracle,1,Front,Emotion,,"Oracle cards can answer questions. Draw one card for a simple answer, or two cards for a complex one.\nUse these cards to answer what someone is feeling, or what emotion a thing or event would spark.\nEach emotion has two neighbors. You can use the emotion itself, or choose to mix it with a neighbor.\n",,Flip to reveal an answer
03c383b6f21f60822bd7309c753bae23,CORE,Emotion Oracle,1,Back,Amazement,,"Amazement, Surprise, or Distraction.\nWith Terror: yields Awe.\nWith Grief: yields Disapproval.\n","•Who in the scene feels this emotion? Who ought to, but does not?•Should this emotion be affirmed, resisted, revealed, or concealed?",Discard and shuffle into related cards
03c383b6f21f60822bd7309c753bae23,CORE,Emotion Oracle,1,Front,Emotion,,"Oracle cards can answer questions. Draw one card for a simple answer, or two cards for a complex one.\nUse these cards to answer what someone is feeling, or what emotion a thing or event would spark.\nEach emotion has two neighbors. You can use the emotion itself, or choose to mix it with a neighbor.\n",,Flip to reveal an answer
6f8533f8291cec649b7703a814943a74,CORE,Emotion Oracle,1,Back,Grief,,"Grief, Sadness, or Pensiveness.\nWith Amazement: yields Disapproval.\nWith Loathing: yields Remorse.\n","•Who in the scene feels this emotion? Who ought to, but does not?•Should this emotion be affirmed, resisted, revealed, or concealed?",Discard and shuffle into related cards
6f8533f8291cec649b7703a814943a74,CORE,Emotion Oracle,1,Front,Emotion,,"Oracle cards can answer questions. Draw one card for a simple answer, or two cards for a complex one.\nUse these cards to answer what someone is feeling, or what emotion a thing or event would spark.\nEach emotion has two neighbors. You can use the emotion itself, or choose to mix it with a neighbor.\n",,Flip to reveal an answer
3aa6d4b42685592ba03db39139bbebdc,CORE,Emotion Oracle,1,Back,Loathing,,"Loathing, Disgust, or Boredom.\nWith Grief: yields Remorse.\nWith Rage: yields Contempt.\n","•Who in the scene feels this emotion? Who ought to, but does not?•Should this emotion be affirmed, resisted, revealed, or concealed?",Discard and shuffle into related cards
3aa6d4b42685592ba03db39139bbebdc,CORE,Emotion Oracle,1,Front,Emotion,,"Oracle cards can answer questions. Draw one card for a simple answer, or two cards for a complex one.\nUse these cards to answer what someone is feeling, or what emotion a thing or event would spark.\nEach emotion has two neighbors. You can use the emotion itself, or choose to mix it with a neighbor.\n",,Flip to reveal an answer
3e26fdaed1f76dd2dd35504ad4e6d361,CORE,Emotion Oracle,1,Back,Rage,,"Rage, Anger, or Annoyance.\nWith Loathing: yields Contempt.\nWith Vigilance: yields Aggressiveness.\n","•Who in the scene feels this emotion? Who ought to, but does not?•Should this emotion be affirmed, resisted, revealed, or concealed?",Discard and shuffle into related cards
3e26fdaed1f76dd2dd35504ad4e6d361,CORE,Emotion Oracle,1,Front,Emotion,,"Oracle cards can answer questions. Draw one card for a simple answer, or two cards for a complex one.\nUse these cards to answer what someone is feeling, or what emotion a thing or event would spark.\nEach emotion has two neighbors. You can use the emotion itself, or choose to mix it with a neighbor.\n",,Flip to reveal an answer
a7de01e2ccb0edb710719e456aa6650e,CORE,Emotion Oracle,1,Back,Vigilance,,"Vigilance, Anticipation, or Interest.\nWith Rage: yields Aggressiveness.\nWith Ecstacy: yields Optimism.\n","•Who in the scene feels this emotion? Who ought to, but does not?•Should this emotion be affirmed, resisted, revealed, or concealed?",Discard and shuffle into related cards
a7de01e2ccb0edb710719e456aa6650e,CORE,Emotion Oracle,1,Front,Emotion,,"Oracle cards can answer questions. Draw one card for a simple answer, or two cards for a complex one.\nUse these cards to answer what someone is feeling, or what emotion a thing or event would spark.\nEach emotion has two neighbors. You can use the emotion itself, or choose to mix it with a neighbor.\n",,Flip to reveal an answer
bb47848743f329eda3edc3984ddbaa20,ENCOUNTER,Encounter,1,Back,Armored,"""You know what metal does? Heats up. Fireball!"" -- Tana
","Every armor has a weakness or comes at a cost, like making someone slower or something heavier. Not every armor's weakness is obvious, and finding it may be difficult.\n","•Those protected have limited mobility and senses•Weakness to specific damage types, e.g. lightning•Useless if penetrated or lost",Flip to see ways the encounter challenges the PCs.
bb47848743f329eda3edc3984ddbaa20,ENCOUNTER,Encounter,1,Front,Armored,"""My daggers bounced off that plate mail! What now?"" -- Basler
","This encounter includes something important that is heavily defended. This could mean body armor of leather or metal, hardened barriers of stone, or wood, a protective aura of magic, a divine blessing, and more.\n",•Ignore harm from inadequate attacks•Destroy weaker things that strike it or are struck by it•Stand in defense of allies,Flip to see ways to meet the encounter's challenges.
73f0487d31247c970f77196533e8dee9,ENCOUNTER,Encounter,1,Back,Base,"""The tyrant king doesn't know about these secret tunnels"" -- Emory
","While Bases can be big and imposing, their nature can work against their occupants. The bigger the Base, the more likely it is to hold something helpful.\n","•Contain secrets about the plans and activities of its occupants•Hold resources, weapons, or captives•Include defensible choke points or hiding spots",Flip to see ways the encounter challenges the PCs.
73f0487d31247c970f77196533e8dee9,ENCOUNTER,Encounter,1,Front,Base,"""That's a big castle..."" -- Basler
","A Base can be a temporary encampment, an outpost, a secret headquarters, a wild animal's den, or some other protected space. You might need to find something specific, get in or out, or confront the occupants.\n","•Bases can have numerous occupants•Traps, labyrinthine structure, or other clever preparations•Ways to cut off escape routes or confine interlopers",Flip to see ways to meet the encounter's challenges.
ea41ecbc6975a9f7ca1bdb4a90251881,ENCOUNTER,Encounter,1,Back,Diabolical,"""Basler, stop cringing. He's not talking about you."" -- Woody
","Evil hasn't won, though it keeps trying. Powers from beyond are bound by their own rules too, and can be defeated accordingly.\nCharacters who arm themselves with occult lore or divine blessings may circumvent or neutralize a Diabolical power.\n",•Be susceptible to folk incantations or rituals•Recoil from the pure of heart•Flee to fight another day,Flip to see ways the encounter challenges the PCs.
ea41ecbc6975a9f7ca1bdb4a90251881,ENCOUNTER,Encounter,1,Front,Diabolical,"""Back, foul fiend! Light will overcome you!"" -- Emory
","A Diabolical encounter has the touch of evil. An actual summoned demon, a possessed victim, or a dark and malevolent force are all Diabolic.\n",•Seek to corrupt or influence the vulnerable•Exploit moral weaknesses or dark secrets•Expose its true nature and hellish powers,Flip to see ways to meet the encounter's challenges.
4c122d32b5bc1c24528feca1ef9915c5,ENCOUNTER,Encounter,1,Back,Elemental,"""They had some nice gemstones too!"" -- Basler
","Each element has rules. Water flows. Fire burns, but not without fuel. Some elements can counteract others. These rules can be exploited.\n",•Be vulnerable to their element's normal vulnerabilities or rules•Require a nearby source of the element,Flip to see ways the encounter challenges the PCs.
4c122d32b5bc1c24528feca1ef9915c5,ENCOUNTER,Encounter,1,Front,Elemental,"""Earth sprites. They have the ore we seek."" -- Tana
","Powerful forces of nature such as volcanoes, storms, as well as elemental entities.\n","•Create, animate, or manipulate its element in useful or dangerous ways•Change the environment with aspects of its element, such as making rivers of fire or barriers of wind•Counteract an opposing element, such as fire vs. water",Flip to see ways to meet the encounter's challenges.
d2d139aa4767742277653e63f9db5c1a,ENCOUNTER,Encounter,1,Back,Flying,"""Meet my best girl, Annette! A net, get it?"" -- Basler
",Wings require energy to sustain flight and can be fragile. Magical flight can be counter-spelled. Turbulent air or nets can force flyers down.\n,"•Become entangled, trapped, or confined in ways that negate flight•Be unable to lift heavy loads or fly under difficult conditions•Suffer harm if they fall",Flip to see ways the encounter challenges the PCs.
d2d139aa4767742277653e63f9db5c1a,ENCOUNTER,Encounter,1,Front,Flying,"""Did something just swoop overhead?"" -- Emory
","This encounter includes something flying or airborne. Winged creatures, skilled magicians, and floating platforms can ignore earthbound attackers and require effort to reach.\n","•Strike targets on the ground without risking counterattacks•Move faster than those trapped on the ground, or reach places they can't•See greater distances",Flip to see ways to meet the encounter's challenges.
70b76a1973d4f5434a5b98c6411c7a2a,ENCOUNTER,Encounter,1,Back,Gang,"""Sounds like fair odds to me. Have at you!"" -- Emory
","The strength of a gang is in its numbers. Without a strong leader, the gang obeys its collective impulses. Individual members can be isolated and confronted.\n",•Have competing impulses or mixed sympathies or agendas•Fall apart if a leader is weakened or shamed•Follow a new leader or impulse that better matches its agenda,Flip to see ways the encounter challenges the PCs.
70b76a1973d4f5434a5b98c6411c7a2a,ENCOUNTER,Encounter,1,Front,Gang,"""They outnumber us 5 to 1, folks!"" -- Basler
","A group of beings bound together in common purpose. Gangs can be organized, like criminal gangs or military units, or informal groups like angry mobs or animal packs.\n",•Surround or isolate individuals through strength in numbers•Shout down or bully a lone voice•Bring a variety of skills or resources to bear on a problem,Flip to see ways to meet the encounter's challenges.
960b0c4b164cc9e58903d6259567b288,ENCOUNTER,Encounter,1,Back,Hybrid,"""That thing was terrifying! Your kingdom is messed up!"" -- Basler
",Not every hybrid has a perfect command of its own nature. Hybrids must also obey the rules of all their component parts.\n,•Suffer the vulnerabilities of any of their contributing parts•Become confused by conflicting impulses or instincts,Flip to see ways the encounter challenges the PCs.
960b0c4b164cc9e58903d6259567b288,ENCOUNTER,Encounter,1,Front,Hybrid,"""A Gryphon. The heraldic symbol of my kingdom. Majestic!"" -- Emory
","A Hybrid being is made up of two or more things, not always living. Such beings can be part-human (mermaids, harpies), mixed animal (cockatrices, pegasi), shapeshifters (werewolves), or weirder (tree-ogres).\n",•Use the best of their combined abilities•Use different abilities together in some unique way,Flip to see ways to meet the encounter's challenges.
e20f7d648b4ddfd734726bbd0477a3e6,ENCOUNTER,Encounter,1,Back,Large,"""Just as long as it doesn't fall on us."" -- Basler
","You may have trouble engaging with a Large encounter due to the size difference, but that trouble goes both ways. It can be hard for Large things to perceive or target smaller foes.\n",•Lose track of small details or targets•Be easily targeted due to its size•Move slowly or clumsily,Flip to see ways the encounter challenges the PCs.
e20f7d648b4ddfd734726bbd0477a3e6,ENCOUNTER,Encounter,1,Front,Large,"""The bigger they are, the harder they fall!"" -- Tana
","This encounter includes something of enormous size. It might be naturally large, like a dragon or a giant, or have been enlarged by magic or other forces.\n",•Resist human-scale attacks or effects•Reach or hit an entire area at once•Deal devastating damage to smaller creatures and objects,Flip to see ways to meet the encounter's challenges.
aa5035925816c7943d25988591cee778,ENCOUNTER,Encounter,1,Back,Monstrous,"""Whoever corrupted this creature will pay. Let's find them."" -- Woody
","A Monstrous threat is powered by its rage or aggression, but often lack a sense of self-preservation, fighting relentlessly when others would retreat.\n",•Lose themselves in their own ferocity•Fall into traps when goaded•Misunderstand those not driven by similar instincts,Flip to see ways the encounter challenges the PCs.
aa5035925816c7943d25988591cee778,ENCOUNTER,Encounter,1,Front,Monstrous,"""That ain't no ordinary wolf, folks.."" -- Basler
","Monstrous threats are altered forms of the familiar. They are fiercer, more feral, or disturbingly unnatural, the nightmarishly distorted vision of the original.\n",•Lash out viciously•Use their adaptions to overwhelm the unprepared•Terrify onlookers with their awful nature,Flip to see ways to meet the encounter's challenges.
1b18f8fb26f121c3178a3c17074bbda3,ENCOUNTER,Encounter,1,Back,Notorious,"""Save the beak. We need it to claim the reward!"" -- Basler
","The stories about this encounter might give you clues on how to deal with it. But stories are just that, stories. You might correctly leverage its lore, or look at it with fresh eyes and discover a truth the bards omitted.\n","•Behave or react predictably•Be less, or other, than the stories say•Be part of another unguessed story",Flip to see ways the encounter challenges the PCs.
1b18f8fb26f121c3178a3c17074bbda3,ENCOUNTER,Encounter,1,Front,Notorious,"""That's Gretamaw, the Beaked Butcher!"" -- Basler
","A monster whispered of by fearful villagers. A lonely place of power. An artifact of legend, replete with arcane power. A person sung of by the bards. The weight of its reputation or its followers may be as much of a danger as its own power.\n",•Dominate with their presence•Live up to the legend in a big way•Reveal an unexpected ability,Flip to see ways to meet the encounter's challenges.
c8a91fefd36b88bf66e9cc38722e351a,ENCOUNTER,Encounter,1,Back,Portentous,"""They're going the same way we are. Come on."" -- Woody
","The Portentous is the first step on a larger road. It both surprises characters, and prepares them for what is next. If the future cannot be changed, it can be met with eyes open. And you will only know if fate can be defied by trying.\n",•Reveal an important clue or suggest a strategy•Unlock a hidden strength or personal conviction,Flip to see ways the encounter challenges the PCs.
c8a91fefd36b88bf66e9cc38722e351a,ENCOUNTER,Encounter,1,Front,Portentous,"""Where are all those crows going?"" -- Tana
","This encounter foreshadows something important. It can be a mystical experience, laden with dreams and prophecy, or just a mundane glimpse into a momentous reality beyond.\n",•Give a taste of things to come•Force people into hard moral or personal choices•Subtly mingle the mundane and the symbolic or dreamlike,Flip to see ways to meet the encounter's challenges.
8b92a10f1a4db790dc4548019f646bd6,ENCOUNTER,Encounter,1,Back,Spectral,"""I'll have a magic circle up in a moment!"" -- Tana
","Spectral beings are only visitors in the waking world. Their anchors are tenuous, and they may leave if given what they want or be forced out by those who know how.\n",•Be weakened or repulsed by warding rituals•Fall prey to their passions,Flip to see ways the encounter challenges the PCs.
8b92a10f1a4db790dc4548019f646bd6,ENCOUNTER,Encounter,1,Front,Spectral,"""My arrows go right through it."" -- Woody
","This encounter includes something ghostly or purely spiritual. Spectral entities might have obligations or passions binding them to the mortal world. They may be frightened, angry, or confused. They might wish to go - or to stay.\n",•Bypass solid obstacles•Wield morbid magics like chilling touch or possession•Ravenously pursue something the living have that it wants,Flip to see ways to meet the encounter's challenges.
c2c07eac66d50f499e7c9ef9dbca6be8,ENCOUNTER,Encounter,1,Back,Tense,"""You mean the real villain all this time was...?!"" -- Emory
","If you discover the reason for a Tense situation, you can find a ways to defuse it. You can talk others down if you aren't caught up in the situation yourself.\n",•Overcome mistrust through negotiation•Reveal facts that counter false assumptions•Make compromises and sacrifices in the name of peace,Flip to see ways the encounter challenges the PCs.
c2c07eac66d50f499e7c9ef9dbca6be8,ENCOUNTER,Encounter,1,Front,Tense,"""Deep breaths. Stay calm. Show them we're friends."" -- Tana
","The encounter includes a highly charged situation. One or more parties might be on edge, ready for confrontation with another. Can you navigate it without making everything worse?\n","•Lash out with ill-considered action•Make bad assessments or assume the worst•Heedlessly run away, often making things worse",Flip to see ways to meet the encounter's challenges.
69f659a81712f6d0a4187939b7ec247e,ENCOUNTER,Encounter,1,Back,Toxic,"""My arrows can fly farther than its spit."" -- Woody
","Some toxins have antidotes, or may not penetrate some kinds of defense. For example, a snake's fangs might be deflected by armor.\n","•Inadvertently harm allies, or themselves if they are not immune•Be unable to deliver its poison if you find adequate protection•Fail to harm something or someone with a natural or acquired immunity",Flip to see ways the encounter challenges the PCs.
69f659a81712f6d0a4187939b7ec247e,ENCOUNTER,Encounter,1,Front,Toxic,"""Don't let it touch you! Your skin will rot away!"" -- Woody
","Venomous creatures, assassins with poisoned blades,  swamp gasses, and many other things can afflict you with sickness. Poisons can be fast acting and deadly, or gradually debilitating.\n",•Sicken anyone in contact with them•Fend off an attack with the threat of toxin•Spread the toxin to others,Flip to see ways to meet the encounter's challenges.
28f62166355736e23af1c958c36e8cbe,ENCOUNTER,Encounter,1,Back,Undead,"""Not so much fell as fell apart..."" -- Basler
","Being sustained by dark magic, the undead are equally vulnerable to it. Many cannot abide holy objects, places, or effects. Others are bound by orders to only guard a certain place, or do a certain thing.\n",•Weaken or expire in the presence of the sacred or the pure•Fall prey to tricks or traps a thinking being could avoid•Have limitations its creator didn't anticipate,Flip to see ways the encounter challenges the PCs.
28f62166355736e23af1c958c36e8cbe,ENCOUNTER,Encounter,1,Front,Undead,"""This unholy abomination will fall!"" -- Emory
","Necromancy, curses, or strange phenomena can bring a deceased creature back to a false life. The being is sustained by magic, not biology. Some undead are mindless; others are disturbingly cunning.\n",•Ignore the frailties of mortal existence•Frighten onlookers with a reminder of mortality•Employ dread powers,Flip to see ways to meet the encounter's challenges.
39e3b319e9e9e258157c5e7c8ea16fa0,CITY,City (Dynamic),1,Back,Artistic,,"Two neighborhoods are connected via artistic expression. One's artists may be exploited by patrons from the other, or the artists are improperly borrowing from a neighboring culture. Two neighborhoods may have competing cultural and artistic traditions.\n",•What forms of art exist in the city?•How does the city view those who make art?•Who is interested in collecting or commissioning art?,Flip to see the stable version of this dynamic
39e3b319e9e9e258157c5e7c8ea16fa0,CITY,City (Dynamic),1,Front,Artistic,,"Two neighborhoods are connected via artistic expression. One may house artists who draw inspiration or receive funding from the other. Artists of different traditions may cross-train, creating a new and unique tradition.\n",•What forms of art exist in the city?•How does the city view those who make art?•Who is interested in collecting or commissioning art?,Flip to see the unstable version of this dynamic
bfd538e325f91d100513c41b5c19daac,CITY,City (Dynamic),1,Back,Criminal,,"Two neighborhoods are connected via criminal activity, From petty theft and pickpocketing to smuggling to murder. Gang wars between rival factions, a single criminal mastermind, or open corruption are all possibilities.\n",•What kinds of laws exist? Are they fair?•Who enforces those laws? How strictly?•How does the public view the criminal element?,Flip to see the stable version of this dynamic
bfd538e325f91d100513c41b5c19daac,CITY,City (Dynamic),1,Front,Criminal,,"Two neighborhoods are connected via criminal activity, from petty theft and pickpocketing to smuggling to murder. Organized crime cartels, thieves' guilds, etc. from one neighborhood may prey on the other. Or legitimate business in one is being propped up by criminal activity in the other.\n",•What kinds of laws exist? Are they fair?•Who enforces those laws? How strictly?•How does the public view the criminal element?,Flip to see the unstable version of this dynamic
98c7994257ec8a1f021093021e7bfa59,CITY,City (Dynamic),1,Back,Commercial,,"People from one neighborhood in the dynamic buy or sell goods and services to the other. Market prices are volatile, or there may be an imbalance in supply vs. demand.\n","•Who gains from the instability? Who loses?•Where else can supply, demand, or labor be found instead?•How are people coping?",Flip to see the stable version of this dynamic
98c7994257ec8a1f021093021e7bfa59,CITY,City (Dynamic),1,Front,Commercial,,"People from one neighborhood buy or sell goods and services to the other. Advertising, word of mouth, or tradition might entice new visitors. Supply and demand are roughly balanced, or the market is adaptable enough to cope when they aren't.\n","•Who pays whom, and for what?•Who benefits from the arrangement? Who suffers?•Who would like a piece of the action?",Flip to see the unstable version of this dynamic
04ab19da1dbcca7033872f5274822863,CITY,City (Dynamic),1,Back,Esoteric,,"Two neighborhoods interact through arcane goods and services. Although one needs what the other has, the exchange is threatened by mistrust, scarcity, or the volatility of the materials and processes themselves.\n",•What kinds of things are exchanged?•What kind of people work with them?•How does the city view such people?,Flip to see the stable version of this dynamic
04ab19da1dbcca7033872f5274822863,CITY,City (Dynamic),1,Front,Esoteric,,"Two neighborhoods interact through arcane goods and services. One may supply the other's needs, or contain a natural source for something vital or valuable. Or both may contribute ingredients to complete a final thing.\n",•What kinds of things are exchanged?•What kind of people work with them?•How does the city view such people?,Flip to see the unstable version of this dynamic
f89057448f865af3a86a9b2fb7db4ff0,CITY,City (Dynamic),1,Back,External,,"Two neighborhoods are connected by something happening outside the city. Whether people, things, or trends, life in the neighborhoods is being shaken up by it.\n",•What is the external?•Is the city importing or exporting it?•Who benefits? Who doesn't?,Flip to see the stable version of this dynamic
f89057448f865af3a86a9b2fb7db4ff0,CITY,City (Dynamic),1,Front,External,,"Two neighborhoods are connected by something happening outside the city. This could be immigration, trade, religious or political action, cultural trends, or something else.\n",•What is the external?•Is the city importing or exporting it?•Who benefits? Who doesn't?,Flip to see the unstable version of this dynamic
35aae1ec864a113cf288b8dc58449b63,CITY,City (Dynamic),1,Back,Industrial,,"Two neighborhoods are connected by the production of goods. Labor disputes, material shortages, sabotage, or technological progress can all make that process unstable.\n","•What is being made? Processed metals, medicines, tools?•How is it being used? By whom? For what?•Who wants these things? Who doesn't them to be made?",Flip to see the stable version of this dynamic
35aae1ec864a113cf288b8dc58449b63,CITY,City (Dynamic),1,Front,Industrial,,"Two neighborhoods are connected by the production of goods. One may supply workers and/or raw materials for the other, one may buy what the other makes, or the two may cooperate in other ways.\n","•What is being made? Processed metals, medicines, tools?•How is it being used? By whom? For what?•Who wants these things? Who doesn't them to be made?",Flip to see the unstable version of this dynamic
a1f43778c92cdde8cd48bd89655a20c1,CITY,City (Dynamic),1,Back,Political,,"Two neighborhoods interact via influence, and leadership. One might dominate another, depend on another for legitimacy, or prioritize or ignore the other. When the corrupt edifice falls, who will be beneath it when it finally falls?\n",•Who is agitating for change? Who holds the line?•What outside influences are present? Who do they support?•Is the struggle physically peaceful or violent?,Flip to see the stable version of this dynamic
a1f43778c92cdde8cd48bd89655a20c1,CITY,City (Dynamic),1,Front,Political,,"Two neighborhoods interact via power, influence, and leadership. There is a long-standing arrangement or entrenched leadership keeping things stable. Enough people, or the right people, like things as they are and work to keep it that way.\n",•Who benefits from the situation? Who suffers?•What keeps the relationship going?•How reluctant are people to acknowledge or confront the situation?,Flip to see the unstable version of this dynamic
2dd4f0588c134aba936fdeeabecd64a4,CITY,City (Dynamic),1,Back,Social,,"Two neighborhoods play off each other via fashion or pop culture. One may be trying to crush the other's creative efforts, or upstage the other in increasingly desperate ways. The results may be soulless, gaudy, or seen as needlessly aggressive.\n","•What's in fashion now? What is out now?•How is fashion expressed, e.g. clothes, jewelry, music, tattoos?•Who are the trendsetters? Who are the rebels?",Flip to see the stable version of this dynamic
2dd4f0588c134aba936fdeeabecd64a4,CITY,City (Dynamic),1,Front,Social,,"Two neighborhoods play off each other via fashion or pop culture. The trends of the moment may shift between the two, or the tension between them may be what creates the magic. The results are disseminated through parties, performances, and gossip.\n","•What's in fashion now? What is out now?•How is fashion expressed, e.g. clothes, jewelry, music, tattoos?•Who are the trendsetters? Who are the rebels?",Flip to see the unstable version of this dynamic
00aa9c5ced3946997a4dba6c200882e5,CITY,City (Neighborhood),1,Back,The Boulevard,,"A Boulevard is where the city's artistic and aesthetic offerings connect with individual citizens. Right now, people aren't there. Whether it's fallen from former glories, or nurturing an unblossomed seed of new ambition, it's not giving people a reason to come.\n",•How new is the Boulevard compared to the city overall?•How does its current state make people feel?•Is anyone trying to attract new visitors? To stop them?,Flip to see the flourishing version of this neighborhood
00aa9c5ced3946997a4dba6c200882e5,CITY,City (Neighborhood),1,Front,The Boulevard,,"A Boulevard is where the city's artistic and aesthetic offerings connect with individual citizens. Shops, eateries, arcades, and more offer visitors chances to spend money and time. A variety of sights, sounds, and smells attracts both tourists and locals.\n","•What are some of the notable sights and attractions?•What sort of crowds come here?•Does the crowd change due to time of day, season, etc.?",Flip to see the struggling version of this neighborhood
646f194971c501269a2fe638cf33df8e,CITY,City (Neighborhood),1,Back,The Harbor,,"A Harbor is the home of trade and travel, to and from the city. It is often the last sight a regretful traveler sees before leaving. Commercial transports - caravans, trains, or zeppelins - are run down, neglected, or underutilized.\n","•What modes of transportation are found here?•Are conditions poor because of the city, or something outside?•Who could help? Why don't they?",Flip to see the flourishing version of this neighborhood
646f194971c501269a2fe638cf33df8e,CITY,City (Neighborhood),1,Front,The Harbor,,"A Harbor is the home of trade and travel. It is a visitor's introduction to the city, and the city's commercial blood and breath.\n",•What kinds of vehicles or technology move people or cargo?•What is the experience of someone coming here? Of leaving?•What trading partners or destinations are represented here?•What glimpses of other cultures might you find here?,Flip to see the struggling version of this neighborhood
3a6d510441326240954f9436c17e72df,CITY,City (Neighborhood),1,Back,The Marketplace,,"The Marketplace is the commercial core of the city. The vendors may be few and far between, the fires of the forge may lie extinguished, and farmers' crops may rot in warehouses - or be taken away at insultingly low prices.\n","•Does the neighborhood have the wrong goods, or the wrong buyers?•What hidden assets might still be found here?•Who profits from the current situation? Who does not?",Flip to see the flourishing version of this neighborhood
3a6d510441326240954f9436c17e72df,CITY,City (Neighborhood),1,Front,The Marketplace,,"The Marketplace is the commercial core of the city. It might include a rowdy labyrinth of vendors hawking their wares, a smoke-smothered block of forges and anvils where blacksmiths arm the soldiery, or warehouses full of grain or rice.\n","•What goods is the neighborhood best known for?•What can be found here, but is unknown to most visitors?•Who controls what's found here?",Flip to see the struggling version of this neighborhood
367409ad2cb151c295e0f1cbfd06fca6,CITY,City (Neighborhood),1,Back,The Sanctuary,,"The Sanctuary is a city within the city. It might be an isolated enclave, a brow-beaten borough, a place to abandon the unwanted, or something else. A sanctuary can barely sustain its residents, whether due to lack of goods or intentional deprivation.\n","•Who lives here? Why do they live in the Sanctuary specifically?•Is the Sanctuary keeping the outside out, or the inhabitants in?•Who rules here? Who suffers?",Flip to see the flourishing version of this neighborhood
367409ad2cb151c295e0f1cbfd06fca6,CITY,City (Neighborhood),1,Front,The Sanctuary,,"The Sanctuary is a city within the city. It might be a walled-off enclave, a culturally distinct community, a gentrified neighborhood, a historical relic, or something else. Its shops, home, and infrastructure are self-sufficient, and aesthetically or culturally unique.\n",•Who lives here? Why do they live here specifically?•What separates the Sanctuary from the rest of the city?•What sustains the sanctuary and its peoples' lifestyles?,Flip to see the struggling version of this neighborhood
23ec0355a0c691d1f3b5c1b698accef5,CITY,City (Neighborhood),1,Back,The Temple,,"The Temple is devoted to the spiritual and religious elements of the city and its inhabitants. It might be a disgraced or amoral mega-church, a collection of squabbling rival churches, or the remnants of an older and forgotten belief system.\n","•What belief system or systems were practiced here?•What motive, such as greed, corruption, or apathy, stands against them?•How has a lack of faith helped, or hurt?",Flip to see the flourishing version of this neighborhood
23ec0355a0c691d1f3b5c1b698accef5,CITY,City (Neighborhood),1,Front,The Temple,,"The Temple is devoted to the spiritual and religious elements of the city and its inhabitants. It might be a single colossal church, a network of holy places for every faith, or tiny shrines to tiny gods scattered across the city.\n","•What belief systems exist?•Are beliefs or practices divided along social lines such as wealth, species, or neighborhood?•How has faith affected the city for good? For ill?",Flip to see the struggling version of this neighborhood
c779b7c8fe1ff19349017e66aaa71d82,CITY,City (Neighborhood),1,Back,The Underground,,"The Underground is what people don't want to see about the city. It is the filthy waterways and skull-strewn tombs. It has been abandoned or is being misused, and may be dangerous due to its inhabitants or simple neglect.\n","•How much of the Underground still functions? What has broken down?•What social ills, like disease or poverty, have taken hold?•Who lives here, and how are they suffering?",Flip to see the flourishing version of this neighborhood
c779b7c8fe1ff19349017e66aaa71d82,CITY,City (Neighborhood),1,Front,The Underground,,"The Underground is what people don't see about the city. It might be literally underground, like sewers or burial chambers, or just necessary but boring infrastructure like aqueducts.\n","•What vital services does the Underground provide?•How does the Underground physically connect with the rest of the city?•Who lives here, and what do they do?",Flip to see the struggling version of this neighborhood
34f5cc6ebee3ef5b9d87dfbe369fb856,CITY,City (Neighborhood),1,Back,Uptown,,"Uptown is the city's fallen crown. Bourgeoisie merchants with pretentions to greatness, shabby aristocrats fallen from favor, or forgotten influencers might all be found here, hunting for real power or comforting delusions.\n",•What political or social systems once supported the neighborhood?•Do the inhabitants still believe they hold real power?•What will they do to get it back?,Flip to see the flourishing version of this neighborhood
34f5cc6ebee3ef5b9d87dfbe369fb856,CITY,City (Neighborhood),1,Front,Uptown,,"Uptown is the city's crown. It is home to the elite, including skilled creators, wealthy merchants, influential politicians, and beloved performers. Visitors might beseech an Uptown resident to fund their ventures, or seek their attention for some new idea or creation.\n",•What political and social systems support the neighborhood's position?•How is power wielded here?•How does someone become accepted by Uptown?,Flip to see the struggling version of this neighborhood
2c9698cfd4937f716d94e290fe70bddf,CITY,City (Neighborhood),1,Back,The Warren,,"The Warren is the hidden heart of the city. It is an impenetrable maze of dark alleys, boarded-up shops, narrow streets, ancient graveyards, and more. It is the city's secret suffering.\n","•Has the city forsaken itself, or fallen prey to outside influence?•What secrets do the inhabitants furtively guard?•Does the Warren bristle at visitors, or hunker down and wait for them to leave?",Flip to see the flourishing version of this neighborhood
2c9698cfd4937f716d94e290fe70bddf,CITY,City (Neighborhood),1,Front,The Warren,,"The Warren is the hidden heart of the city. It is an organic tangle of alleyways, residences, nameless shops, side streets, historical buildings, and more. The things that make the city unique emerge from here unannounced.\n",•What traditions or styles did the Warren give birth to?•What hidden treasures can be found here?•How do locals and visitors interact with each other?,Flip to see the struggling version of this neighborhood
b006a603c520670af7fdfc5f2783e757,CITY,City (Personality),1,Back,The Activist,,"The Activist longs for change and represents those who feel likewise. They may use rhetoric, influence-peddling, money, or direct action to achieve their aims. Although driven, they are unsuccessful and desperate.\n",•What are the Activist's goals?•Who do they represent? Who do they oppose?•How far will they go? Have they gone?,Flip to see the dominant version of this personality
b006a603c520670af7fdfc5f2783e757,CITY,City (Personality),1,Front,The Activist,,"The Activist longs for change and represents those who feel likewise. They may use rhetoric, influence-peddling, money, or direct action to achieve their aims. Whatever their goal, it now seems to be in reach.\n",•What are the Activist's goals?•Who do they represent? Who do they oppose?•How far will they go? Have they gone?,Flip to see the vulnerable version of this personality
0954728e20e7c481c3cd888e0857358f,CITY,City (Personality),1,Back,The Factotum,,"The Factotum is not a leader, but serves those who do. They struggle with complexities of day-to-day business. Their inexperience, their patron's incompetence, or a heavy workload all weigh them down.\n","•Who do they serve? Why?•Between the Factotum and their leader, who really rules?•What does the Factotum personally want?",Flip to see the dominant version of this personality
0954728e20e7c481c3cd888e0857358f,CITY,City (Personality),1,Front,The Factotum,,"The Factotum is not a leader, but serves those who do. They handle the complexities of day-to-day business. They hold the keys to the doors of power, and may unlock them for the right querent.\n","•Who do they serve? Why?•Between the Factotum and their leader, who really rules?•What does the Factotum personally want?",Flip to see the vulnerable version of this personality
193581596a34aad428702961ecb74269,CITY,City (Personality),1,Back,The Hardliner,,"The Hardliner upholds the de facto or de jure state of affairs. They resist change, whether from hard experience, stubbornness, or selfishness. With reform looking likely, they fight even harder to hold onto their diminishing status.\n",•What motivates the Hardliner to defend the status quo?•How sincere are their stated objections to change?•How have their beliefs changed over time?,Flip to see the dominant version of this personality
193581596a34aad428702961ecb74269,CITY,City (Personality),1,Front,The Hardliner,,"The Hardliner upholds the de facto or de jure state of affairs. They resist change, whether from hard experience, stubbornness, or selfishness. They are likely to prevail against uncoordinated efforts at reform.\n",•What motivates the Hardliner to defend the status quo?•How sincere are their stated objections to change?•How have their beliefs changed over time?,Flip to see the vulnerable version of this personality
c81e47ec2509d00d491ca7c86b5ab0aa,CITY,City (Personality),1,Back,The Mediator,,"The Mediator tries to negotiate between competing factions or ideologies. Doing so depends on good relations within each group. Those relations may be threatened, the groups may refuse to budge, or the Mediator has settled for a facade of peace rather than progress.\n",•How does the Mediator achieve their ends?•What sacrifices must they make?•What is their real goal?,Flip to see the dominant version of this personality
c81e47ec2509d00d491ca7c86b5ab0aa,CITY,City (Personality),1,Front,The Mediator,,"The Mediator tries to negotiate between competing factions or ideologies. Doing so depends on good relations within each group. Right now they're able to strike effective bargains, achieving meaningful change rather than mere calm.\n",•How does the Mediator achieve their ends?•What sacrifices must they make?•What is their real goal?,Flip to see the vulnerable version of this personality
a323fedaff7a7d3f5cf2019074e1c722,CITY,City (Personality),1,Back,The Newcomer,,"The Newcomer is unfamiliar with the city and their place in it. They may be a new ruler, an important visitor, or the heir to a fortune or legacy and now returning to inherit. Alas, those around them do not have their best interests at heart.\n",•What makes the Newcomer significant?•What makes them stand out from how the city usually does things?•Who has their ear? Who seeks it?,Flip to see the dominant version of this personality
a323fedaff7a7d3f5cf2019074e1c722,CITY,City (Personality),1,Front,The Newcomer,,"The Newcomer is unfamiliar with the city and their place in it. They may be a new ruler, an important visitor, or the heir to a fortune or legacy and now returning to inherit. For now, those around them are helping them adjust.\n",•What makes the Newcomer significant?•What makes them stand out from how the city usually does things?•Who has their ear? Who seeks it?,Flip to see the vulnerable version of this personality
01e00218ba6d2e77ccb8c2f03879f296,CITY,City (Personality),1,Back,The Plotter,,"The Plotter wishes to exploit conditions for some private goal. They might be corrupt officials, influence-peddlers, or blackmailers. They are hunted, on the verge of exposure, using their remaining tools to survive.\n","•What personal holds or secrets enable the Plotter's schemes?•Who works with them? Why?•What is their ultimate goal - profit, progress, or something else?",Flip to see the dominant version of this personality
01e00218ba6d2e77ccb8c2f03879f296,CITY,City (Personality),1,Front,The Plotter,,"The Plotter wishes to exploit conditions for some private goal. They might be corrupt officials, influence-peddlers, or blackmailers. Whether their goals are selfish or selfless, they seem likely to succeed.\n","•What personal holds or secrets enable the Plotter's schemes?•Who works with them? Why?•What is their ultimate goal - profit, progress, or something else?",Flip to see the vulnerable version of this personality
a8f7dddea99ee6083d078ff05738fc56,CITY,City (Personality),1,Back,The Scion,,"The Scion is the beneficiary of long city tradition. The may come from once-honored aristocratic stock, inherit ill-gotten gains, or live in the shadow of whispered accusations and dark secrets about their bloodline.\n",•What is the Scion's place in the city and its history?•What secrets does their legacy hold?•How have they used their position?,Flip to see the dominant version of this personality
a8f7dddea99ee6083d078ff05738fc56,CITY,City (Personality),1,Front,The Scion,,"The Scion is the beneficiary of long city tradition. They may come from noble stock or long-hoarded wealth, hold an old and honored name, or hold significant land or relics. They seem well-liked and happy in their position.\n",•What is the Scion's place in the city and its history?•What secrets does their legacy hold?•How have they used their position?,Flip to see the vulnerable version of this personality
cdf51d846a83b1af1955786dc7d9f198,CITY,City (Personality),1,Back,The Turncoat,,"The Turncoat betrayed someone or something else, and that betrayal will always hang over their head. They now suffer for their transgression, however right or wrong it was, and scheme or hope for a return to power.\n","•Who or what did they betray? On their own, or at the behest of others?•Was it for the best? Did they think it was for the best?•Do those betrayed still interact with the Turncoat?",Flip to see the dominant version of this personality
cdf51d846a83b1af1955786dc7d9f198,CITY,City (Personality),1,Front,The Turncoat,,"The Turncoat betrayed someone or something else, and that betrayal will always hang over their head. They have secured a place for themselves, but those who know may still remember, and watch.\n","•Who or what did they betray? On their own, or at the behest of others?•Was it for the best? Did they think it was for the best?•Do those betrayed still interact with the Turncoat?",Flip to see the vulnerable version of this personality
